metric,value
mae,3.2010344827586215
rmse,4.043214409182463
